epoch,loss,val_loss
0,0.09571094810962677,0.06398548930883408
1,0.07877156883478165,0.055875763297080994
2,0.07436244189739227,0.050880178809165955
3,0.07069849967956543,0.048328299075365067
4,0.06531177461147308,0.047010257840156555
